{"cameraMode":{"drawMode":0,"name":"Shaded","section":"Shading Mode"},"sceneLighting":true,"audioPlay":false,"sceneViewState":{"showFog":true,"showMaterialUpdate":false,"showSkybox":true,"showFlares":true,"showImageEffects":true,"showParticleSystems":true},"in2DMode":false,"pivot":{"x":0.4690847396850586,"y":0.15253905951976777,"z":-0.2535631060600281},"rotation":{"x":0.17921192944049836,"y":0.34849467873573305,"z":-0.06807036697864533,"w":0.9174975156784058},"size":0.8336302638053894,"orthographic":true}