{"cameraMode":{"drawMode":0,"name":"Shaded","section":"Shading Mode"},"sceneLighting":true,"audioPlay":false,"sceneViewState":{"showFog":true,"showMaterialUpdate":false,"showSkybox":true,"showFlares":true,"showImageEffects":true,"showParticleSystems":true},"in2DMode":false,"pivot":{"x":-408.5115051269531,"y":6.395693778991699,"z":-23.536102294921876},"rotation":{"x":-0.01888241060078144,"y":0.7047500014305115,"z":-0.7089939713478088,"w":-0.018874185159802438},"size":377.4225158691406,"orthographic":false}