{"cameraMode":{"drawMode":0,"name":"Shaded","section":"Shading Mode"},"sceneLighting":true,"audioPlay":false,"sceneViewState":{"showFog":true,"showMaterialUpdate":false,"showSkybox":true,"showFlares":true,"showImageEffects":true,"showParticleSystems":true},"in2DMode":false,"pivot":{"x":-0.5730414390563965,"y":0.4019148051738739,"z":0.4723179340362549},"rotation":{"x":-0.2676626145839691,"y":-0.647862434387207,"z":0.2613239884376526,"w":-0.663591206073761},"size":35.63502883911133,"orthographic":true}