{"cameraMode":{"drawMode":0,"name":"Shaded","section":"Shading Mode"},"sceneLighting":true,"audioPlay":false,"sceneViewState":{"showFog":true,"showMaterialUpdate":false,"showSkybox":true,"showFlares":true,"showImageEffects":true,"showParticleSystems":true},"in2DMode":false,"pivot":{"x":-0.061289891600608829,"y":1.0236554145812989,"z":-0.40149742364883425},"rotation":{"x":0.7444657683372498,"y":0.014614720828831196,"z":-0.016305282711982728,"w":0.6673038601875305},"size":3.8802664279937746,"orthographic":false}