{"cameraMode":{"drawMode":0,"name":"Shaded","section":"Shading Mode"},"sceneLighting":true,"audioPlay":false,"sceneViewState":{"showFog":true,"showMaterialUpdate":false,"showSkybox":true,"showFlares":true,"showImageEffects":true,"showParticleSystems":true},"in2DMode":false,"pivot":{"x":-0.26610082387924197,"y":0.1338087022304535,"z":0.10975019633769989},"rotation":{"x":0.6924833059310913,"y":-0.00909058004617691,"z":0.008727054111659527,"w":0.7213261723518372},"size":3.752457857131958,"orthographic":false}